sample,frames,duration_s,quality_score,quality_level,visible_rate,spatial_rate,max_missing_gap,interp_rate,rejected_roi,rejected_static_lock,rejected_jump,interpolated,roi_penalty,static_penalty,jump_penalty,interp_penalty,near_coverage,far_coverage,distance_m,max_speed_mps,missing_segments,risk_index
样本V9,630,30.0,88.96,Green,0.5635,0.0,66,0.2338,66,199,40,83,1.71280276816609,3.442906574394464,0.6920415224913495,5.195555555555556,0.49047619047619045,0.773015873015873,123.24354385013208,9.043469768248734,13,21.986031746031752
样本V1,225,7.5,94.67,Green,0.6844,0.04888888888888889,36,0.0584,34,34,2,9,2.361111111111111,1.5740740740740742,0.09259259259259259,1.2977777777777777,1.0,0.2088888888888889,16.061083972018917,8.342634722820932,3,16.10333333333333
样本V2,372,12.412412412412413,93.14,Green,0.6559,0.18548387096774194,40,0.1189,70,18,9,29,3.3546325878594248,0.5750798722044728,0.2875399361022364,2.6422222222222222,1.0,0.9381720430107527,63.20197892904105,8.998179353939017,6,13.623440860215052
样本V5,527,17.584250917584253,93.53,Green,0.649,0.14990512333965844,50,0.0702,124,59,3,24,3.683168316831683,1.1683168316831685,0.0594059405940594,1.56,1.0,0.9981024667931688,90.11628950623185,9.461253867680655,9,13.278349146110056
样本V7,501,16.716716716716718,94.02,Green,0.7046,0.17365269461077845,35,0.0793,88,59,15,28,2.7049180327868854,1.209016393442623,0.3073770491803279,1.762222222222222,1.0,0.9880239520958084,89.62534162509755,9.430303354638035,7,12.638682634730543
样本V4,531,17.71771771771772,94.96,Green,0.7137,0.11487758945386065,48,0.0871,79,10,10,33,2.65695067264574,0.22421524663677128,0.22421524663677128,1.9355555555555553,1.0,0.8813559322033898,89.198397976944,9.460900838896608,8,12.595555555555562
样本V3,531,17.71771771771772,93.84,Green,0.7627,0.3295668549905838,30,0.1037,86,38,34,42,2.471264367816092,0.7279693486590039,0.6513409961685823,2.3044444444444445,0.9566854990583804,0.9849340866290018,81.25281573027455,9.192546913741381,9,11.756986817325796
样本V8,460,15.348682015348682,95.96,Green,0.6913,0.12173913043478261,51,0.0472,62,19,4,15,2.3969072164948453,0.4896907216494845,0.10309278350515463,1.0488888888888888,1.0,0.9608695652173913,81.11926877152698,9.325289171668329,5,11.22260869565218
样本V6,470,15.68234901568235,95.24,Green,0.8021,0.30638297872340425,30,0.0796,55,39,15,30,1.8052516411378556,0.8533916849015317,0.3282275711159737,1.768888888888889,1.0,0.9702127659574468,80.90395648181473,9.451348279088739,6,10.428085106382984
